Countries and areas,Latitude ,Longitude,OOSR_Pre0Primary_Age_Male,OOSR_Pre0Primary_Age_Female,OOSR_Primary_Age_Male,OOSR_Primary_Age_Female,OOSR_Lower_Secondary_Age_Male,OOSR_Lower_Secondary_Age_Female,OOSR_Upper_Secondary_Age_Male,OOSR_Upper_Secondary_Age_Female,Completion_Rate_Primary_Male,Completion_Rate_Primary_Female,Completion_Rate_Lower_Secondary_Male,Completion_Rate_Lower_Secondary_Female,Completion_Rate_Upper_Secondary_Male,Completion_Rate_Upper_Secondary_Female,Grade_2_3_Proficiency_Reading,Grade_2_3_Proficiency_Math,Primary_End_Proficiency_Reading,Primary_End_Proficiency_Math,Lower_Secondary_End_Proficiency_Reading,Lower_Secondary_End_Proficiency_Math,Youth_15_24_Literacy_Rate_Male,Youth_15_24_Literacy_Rate_Female,Birth_Rate,Gross_Primary_Education_Enrollment,Gross_Tertiary_Education_Enrollment,Unemployment_Rate
Afghanistan,33.93911,67.709953,0,0,0,0,0,0,44,69,high,moderately low,moderate,low,moderately low,very low,22,25,13,11,0,0,74,56,32.49,very high,extremely low,moderately low
Albania,41.153332,20.168331,4,2,6,3,6,1,21,15,ultra high,ultra high,ultra high,ultra high,very high,very high,0,0,0,0,48,58,99,100,11.78,very high,moderately low,moderate
Algeria,28.033886,1.659626,0,0,0,0,0,0,0,0,ultra high,ultra high,moderate,high,low,moderately low,0,0,0,0,21,19,98,97,24.28,very high,moderately low,moderately low
Andorra,42.506285,1.521801,0,0,0,0,0,0,0,0,extremely low,extremely low,extremely low,extremely low,extremely low,extremely low,0,0,0,0,0,0,0,0,7.2,very high,extremely low,extremely low
Angola,11.202692,17.873887,31,39,0,0,0,0,0,0,high,moderately high,moderate,moderately low,low,very low,0,0,0,0,0,0,0,0,40.73,very high,extremely low,low
Anguilla,18.220554,63.068615,14,0,0,0,0,0,0,0,extremely low,extremely low,extremely low,extremely low,extremely low,extremely low,0,0,0,0,0,0,0,0,0.0,extremely low,extremely low,extremely low
Antigua and Barbuda,17.060816,61.796428,14,4,4,1,1,2,14,12,extremely low,extremely low,extremely low,extremely low,extremely low,extremely low,0,0,0,0,0,0,0,0,15.33,very high,very low,extremely low
Argentina,38.416097,63.616672,2,2,0,0,0,0,15,7,ultra high,ultra high,high,very high,moderate,moderately high,76,71,46,56,48,31,99,100,17.02,very high,high,moderately low
Armenia,40.069099,45.038189,52,50,9,9,11,9,16,4,ultra high,ultra high,ultra high,ultra high,high,very high,0,0,0,55,0,50,0,0,13.99,high,moderately low,moderately high
Australia,25.274398,133.775136,13,14,0,0,2,3,10,6,extremely low,extremely low,extremely low,extremely low,extremely low,extremely low,94,70,0,64,80,78,0,0,12.6,high,extremely high,very low
Austria,47.516231,14.550072,0,0,0,0,1,0,10,9,extremely low,extremely low,extremely low,extremely low,extremely low,extremely low,0,0,98,0,76,79,0,0,9.7,very high,high,very low
Azerbaijan,40.143105,47.576927,32,19,10,7,0,0,0,0,extremely low,extremely low,extremely low,extremely low,extremely low,extremely low,0,0,81,0,0,0,0,0,14.0,high,very low,very low
The Bahamas,25.03428,77.39628,0,0,0,0,23,21,29,24,extremely low,extremely low,extremely low,extremely low,extremely low,extremely low,0,0,0,0,0,0,0,0,13.97,moderately high,very low,moderately low
Bahrain,26.0667,50.5577,31,28,2,3,7,0,18,6,extremely low,extremely low,extremely low,extremely low,extremely low,extremely low,69,40,0,0,0,39,100,99,13.99,high,moderately low,extremely low
Bangladesh,23.684994,90.356331,0,0,0,0,0,0,41,36,very high,extremely high,moderately high,very high,moderately low,low,47,34,44,32,54,57,94,96,18.18,extremely high,very low,very low
Barbados,13.193887,59.543198,6,10,1,2,7,3,7,3,ultra high,ultra high,ultra high,ultra high,ultra high,ultra high,0,0,0,0,0,0,0,0,10.65,high,moderate,moderately low
Belarus,53.709807,27.953389,0,4,1,2,1,1,6,4,ultra high,ultra high,ultra high,ultra high,ultra high,ultra high,0,0,0,0,77,71,100,100,9.9,high,high,very low
Belgium,50.503887,4.469936,3,2,1,0,1,1,1,2,extremely low,extremely low,extremely low,extremely low,extremely low,extremely low,0,0,0,0,79,80,0,0,10.3,very high,moderately high,very low
Belize,17.189877,88.49765,18,16,1,1,9,11,38,35,ultra high,ultra high,moderately high,high,moderate,moderately high,0,0,0,0,0,0,0,0,20.79,very high,very low,low
Benin,9.30769,2.315834,15,16,3,10,27,43,46,66,moderately high,moderate,low,very low,very low,extremely low,9,34,23,11,0,0,70,52,36.22,extremely high,extremely low,extremely low
Bhutan,27.514162,90.433601,58,59,5,2,18,6,33,22,high,very high,moderate,moderately low,low,very low,0,0,0,0,56,0,0,0,17.26,high,very low,extremely low
Bolivia,16.290154,63.588653,9,8,5,5,13,14,22,22,extremely low,extremely low,extremely low,extremely low,extremely low,extremely low,0,0,0,0,0,0,0,0,21.75,high,extremely low,very low
Bosnia and Herzegovina,43.915886,17.679076,72,73,0,0,0,0,22,19,ultra high,ultra high,ultra high,ultra high,ultra high,ultra high,0,0,0,0,46,42,0,0,8.11,extremely low,very low,high
Botswana,22.328474,24.684866,79,78,12,10,0,0,0,0,ultra high,ultra high,ultra high,ultra high,moderately high,high,0,0,0,16,0,0,0,0,24.82,very high,very low,high
Brazil,14.235004,51.92528,0,1,1,1,2,3,16,14,ultra high,ultra high,extremely high,extremely high,high,very high,80,71,53,52,50,32,99,99,13.92,very high,moderately low,moderate
British Virgin Islands,18.420695,64.639968,9,2,4,3,8,7,24,16,extremely low,extremely low,extremely low,extremely low,extremely low,extremely low,0,0,0,0,0,0,0,0,0.0,extremely low,extremely low,extremely low
Brunei,4.535277,114.727669,17,18,0,0,0,0,19,16,extremely low,extremely low,extremely low,extremely low,extremely low,extremely low,0,0,0,0,48,52,100,100,14.9,very high,low,moderately low
Bulgaria,42.733883,25.48583,19,20,13,13,12,13,10,14,extremely low,extremely low,extremely low,extremely low,extremely low,extremely low,0,0,95,75,53,56,0,0,8.9,high,moderately high,very low
Burkina Faso,12.238333,1.561593,81,81,21,22,48,44,67,65,moderately low,low,very low,extremely low,extremely low,extremely low,36,59,21,22,0,0,62,55,37.93,high,extremely low,low
Burundi,3.373056,29.918886,52,50,9,6,36,31,67,62,moderate,moderately high,low,very low,extremely low,extremely low,79,97,7,40,0,0,0,0,39.01,extremely high,extremely low,extremely low
Cape Verde,16.5388,23.0418,19,19,6,7,14,13,29,24,extremely low,extremely low,extremely low,extremely low,extremely low,extremely low,0,0,0,0,0,0,0,0,19.49,very high,very low,moderate
Cambodia,12.565679,104.990963,48,44,9,9,12,14,0,0,high,very high,moderate,moderately low,very low,very low,0,0,50,0,8,10,0,0,22.46,very high,extremely low,extremely low
Cameroon,7.369722,12.354722,56,57,4,13,33,40,50,58,very high,very high,moderately high,moderate,low,low,30,57,24,12,0,0,88,82,35.39,very high,extremely low,very low
Canada,56.130366,106.346771,0,0,0,0,0,0,6,6,extremely low,extremely low,extremely low,extremely low,extremely low,extremely low,96,69,0,0,86,84,0,0,10.1,high,moderate,very low
Central African Republic,6.611111,20.939444,0,0,0,0,0,0,0,0,moderately high,moderately low,very low,extremely low,extremely low,extremely low,0,0,0,0,0,0,48,29,35.35,very high,extremely low,very low
Chad,15.454166,18.732207,85,87,17,35,55,70,71,85,moderately low,low,very low,extremely low,very low,extremely low,18,48,3,3,0,0,0,0,42.17,moderately high,extremely low,extremely low
Chile,35.675147,71.542969,8,8,1,2,5,6,5,5,ultra high,ultra high,ultra high,ultra high,extremely high,extremely high,94,90,70,75,68,28,0,0,12.43,high,high,low
China,35.86166,104.195397,0,0,0,0,0,0,0,0,ultra high,ultra high,ultra high,ultra high,high,high,82,85,0,0,80,79,100,100,10.9,high,moderately low,very low
Colombia,4.570868,74.297333,3,1,3,2,6,5,22,20,ultra high,ultra high,very high,extremely high,high,very high,79,64,55,48,50,35,99,99,14.88,very high,moderately low,moderately low
Comoros,11.6455,43.3333,71,70,18,18,20,18,52,48,very high,very high,moderate,moderate,low,moderately low,0,0,0,0,0,0,78,78,31.88,high,extremely low,very low
Republic of the Congo,0.228021,15.827659,71,70,15,16,0,0,0,0,very high,extremely high,moderately high,moderate,low,very low,38,72,17,6,0,0,85,79,32.86,very high,extremely low,moderately low
Cook Islands,21.236736,159.777671,3,0,2,2,4,6,30,27,extremely low,extremely low,extremely low,extremely low,extremely low,extremely low,0,0,0,0,0,0,0,0,0.0,extremely low,extremely low,extremely low
Costa Rica,9.748917,83.753428,4,4,3,3,3,1,7,5,ultra high,ultra high,high,very high,moderately high,moderately high,89,84,68,60,58,40,99,100,13.97,very high,moderately low,moderately low
Ivory Coast,7.539989,5.54708,78,78,2,8,41,48,52,64,moderately high,moderately high,moderately low,low,very low,very low,17,33,22,3,0,0,64,53,35.74,high,extremely low,very low
Croatia,45.1,15.2,5,5,0,0,3,1,16,11,extremely low,extremely low,extremely low,extremely low,extremely low,extremely low,0,0,0,67,78,69,0,0,9.0,high,moderate,low
Cuba,21.521757,77.781167,2,2,1,1,10,10,20,15,ultra high,ultra high,ultra high,ultra high,extremely high,extremely high,0,0,0,0,0,0,0,0,10.17,very high,low,extremely low
Cyprus,35.126413,33.429859,1,2,0,1,2,2,6,8,extremely low,extremely low,extremely low,extremely low,extremely low,extremely low,0,74,0,0,56,63,0,0,10.46,high,moderately high,low
Czech Republic,49.817492,15.472962,10,10,1,0,1,2,3,3,extremely low,extremely low,extremely low,extremely low,extremely low,extremely low,97,78,0,0,79,80,0,0,10.7,high,moderate,extremely low
North Korea,40.339852,127.510093,0,0,0,0,0,0,0,0,ultra high,ultra high,ultra high,ultra high,ultra high,ultra high,94,0,0,0,0,0,0,0,13.89,very high,very low,extremely low
Democratic Republic of the Congo,4.038333,21.758664,0,0,0,0,0,0,0,0,high,high,moderately high,moderately high,moderately low,low,0,0,0,0,0,0,0,0,41.18,very high,extremely low,very low
Denmark,56.26392,9.501785,2,2,1,0,0,1,11,9,extremely low,extremely low,extremely low,extremely low,extremely low,extremely low,97,80,0,0,84,85,0,0,10.6,high,moderately high,very low
Djibouti,11.825138,42.590275,85,88,32,35,48,48,66,67,extremely low,extremely low,extremely low,extremely low,extremely low,extremely low,0,0,0,0,0,0,0,0,21.47,moderately high,extremely low,moderately low
Dominica,15.414999,61.370976,21,7,4,3,3,1,19,17,extremely low,extremely low,extremely low,extremely low,extremely low,extremely low,0,0,0,0,0,0,0,0,12.0,very high,extremely low,extremely low
Dominican Republic,18.735693,70.162651,7,6,4,4,6,6,23,21,extremely high,ultra high,very high,extremely high,moderate,high,44,25,21,12,21,9,0,0,19.51,very high,moderate,very low
Ecuador,1.831239,78.183406,8,3,0,0,6,3,20,18,ultra high,ultra high,extremely high,ultra high,very high,very high,74,65,38,48,49,29,0,0,19.72,very high,moderately low,very low
Egypt,26.820553,30.802498,63,63,0,0,3,2,23,24,ultra high,ultra high,very high,extremely high,moderate,moderate,0,0,0,0,0,21,0,0,26.38,very high,low,moderately low
El Salvador,13.794185,88.89653,18,17,14,13,17,17,33,35,extremely high,extremely high,very high,very high,moderately low,moderately low,0,0,0,0,0,0,98,98,18.25,high,low,very low
Equatorial Guinea,1.650801,10.267895,57,55,56,55,0,0,0,0,extremely low,extremely low,extremely low,extremely low,extremely low,extremely low,0,0,0,0,0,0,0,0,33.24,moderate,extremely low,low
Eritrea,15.179384,39.782334,73,73,45,50,32,40,45,53,extremely low,extremely low,extremely low,extremely low,extremely low,extremely low,0,0,0,0,0,0,94,93,30.3,moderate,extremely low,very low
Estonia,58.595272,25.013607,12,12,2,2,2,0,1,2,extremely low,extremely low,extremely low,extremely low,extremely low,extremely low,0,0,0,0,89,90,0,0,10.9,high,moderate,very low
Eswatini,26.522503,31.465866,0,0,15,17,3,3,14,18,high,very high,moderate,moderately high,moderately low,moderately low,0,0,0,0,0,0,94,97,0.0,extremely low,extremely low,extremely low
Ethiopia,9.145,40.489673,62,64,11,18,45,49,73,75,moderate,moderate,very low,low,very low,very low,0,0,0,0,0,0,0,0,32.34,high,extremely low,extremely low
Fiji,17.713371,178.065032,0,1,1,1,0,0,0,0,extremely low,extremely low,extremely low,extremely low,extremely low,extremely low,0,0,0,0,0,0,0,0,21.28,very high,very low,very low
Finland,61.92411,25.748151,2,3,1,1,1,0,3,5,extremely low,extremely low,extremely low,extremely low,extremely low,extremely low,98,82,0,0,86,85,0,0,8.6,high,high,low
France,46.227638,2.213749,0,0,0,0,1,1,5,4,extremely low,extremely low,extremely low,extremely low,extremely low,extremely low,0,0,94,58,79,79,0,0,11.3,very high,moderate,low
Gabon,0.803689,11.609444,0,0,0,0,0,0,0,0,high,very high,moderately low,moderately low,very low,very low,0,0,0,0,0,0,88,91,31.61,ultra high,extremely low,high
The Gambia,13.443182,15.310139,42,36,19,10,0,0,0,0,high,moderately high,moderate,moderate,moderately low,low,5,0,0,0,0,0,0,0,38.54,high,extremely low,moderately low
Georgia,42.315407,43.356892,0,0,2,2,1,2,7,4,ultra high,ultra high,ultra high,ultra high,very high,extremely high,86,47,0,0,36,39,0,0,13.47,high,moderate,moderate
Germany,51.165691,10.451526,1,1,1,0,6,4,12,16,extremely low,extremely low,extremely low,extremely low,extremely low,extremely low,0,0,95,77,79,79,0,0,9.5,very high,moderately high,very low
Ghana,7.946527,1.023194,14,12,1,0,13,8,28,28,high,very high,moderate,moderate,very low,extremely low,0,0,0,0,0,0,93,92,29.41,very high,very low,very low
Greece,39.074208,21.824312,6,5,2,1,3,5,4,6,extremely low,extremely low,extremely low,extremely low,extremely low,extremely low,0,0,0,0,69,64,99,99,8.1,high,ultra high,moderately high
Grenada,12.1165,61.679,4,1,0,0,0,0,8,7,extremely low,extremely low,extremely low,extremely low,extremely low,extremely low,0,0,0,0,0,0,0,0,16.47,very high,very high,extremely low
Guatemala,15.783471,90.230759,16,16,11,10,30,35,57,61,very high,very high,moderately high,moderate,low,low,68,52,36,34,30,11,0,0,24.56,very high,very low,extremely low
Guinea,9.945587,9.696645,57,60,15,29,43,60,59,76,moderately high,moderately low,moderately low,very low,low,very low,0,0,0,0,0,0,70,43,36.36,high,extremely low,very low
Guinea0Bissau,11.803749,15.180413,0,0,0,0,0,0,0,0,low,low,very low,very low,very low,extremely low,0,0,0,0,0,0,0,0,35.13,extremely high,extremely low,extremely low
Guyana,4.860416,58.93018,0,0,0,0,0,0,0,0,ultra high,ultra high,very high,extremely high,moderate,high,0,0,0,0,0,0,0,0,19.97,high,extremely low,moderately low
Haiti,18.971187,72.285215,0,0,0,0,0,0,0,0,moderate,moderately high,moderately low,moderately low,very low,very low,0,0,0,0,0,0,0,0,24.35,very high,extremely low,moderate
Vatican City,41.902916,12.453389,0,0,0,0,0,0,0,0,extremely low,extremely low,extremely low,extremely low,extremely low,extremely low,0,0,0,0,0,0,0,0,0.0,extremely low,extremely low,extremely low
Honduras,15.199999,86.241905,24,22,11,14,44,31,58,54,extremely high,extremely high,moderate,moderately high,low,moderately low,70,57,31,32,30,15,95,98,21.6,high,very low,very low
Hungary,47.162494,19.503304,12,14,4,5,3,3,12,12,extremely low,extremely low,extremely low,extremely low,extremely low,extremely low,0,0,97,75,75,67,0,0,9.6,high,moderately low,very low
Iceland,64.963051,19.020835,4,3,0,1,1,0,15,11,extremely low,extremely low,extremely low,extremely low,extremely low,extremely low,0,0,0,0,74,79,0,0,12.0,high,moderately high,extremely low
India,20.593684,78.96288,0,0,3,1,18,12,47,48,ultra high,ultra high,extremely high,very high,moderate,moderately low,47,53,46,44,0,0,93,90,17.86,very high,low,very low
Indonesia,0.789275,113.921327,8,2,3,8,19,14,23,22,ultra high,ultra high,high,moderately high,moderately low,moderately low,0,18,0,0,30,28,100,100,18.07,very high,low,very low
Iran,32.427908,53.688046,50,49,0,0,3,6,25,27,extremely low,extremely low,extremely low,extremely low,extremely low,extremely low,66,33,0,0,0,34,0,0,18.78,very high,moderate,moderately low
Iraq,33.223191,43.679291,0,0,0,0,0,0,0,0,very high,very high,moderate,moderate,moderate,moderate,0,0,0,0,0,0,0,0,29.08,very high,very low,moderate
Republic of Ireland,53.41291,8.24389,2,2,0,0,0,0,2,1,extremely low,extremely low,extremely low,extremely low,extremely low,extremely low,98,84,0,0,88,84,0,0,12.5,high,moderately high,very low
Israel,31.046051,34.851612,1,0,0,0,0,0,0,0,extremely low,extremely low,extremely low,extremely low,extremely low,extremely low,91,0,0,0,69,66,0,0,20.8,very high,moderate,very low
Italy,41.87194,12.56738,6,7,3,3,2,2,6,5,extremely low,extremely low,extremely low,extremely low,extremely low,extremely low,98,69,0,0,77,62,100,100,7.3,very high,moderate,moderately low
Jamaica,18.109581,77.297508,8,6,0,0,19,17,25,22,ultra high,ultra high,ultra high,ultra high,very high,extremely high,0,0,0,0,0,0,0,0,16.1,high,very low,low
Japan,36.204824,138.252924,0,0,0,0,0,0,0,0,extremely low,extremely low,extremely low,extremely low,extremely low,extremely low,0,95,0,0,83,89,0,0,7.4,high,moderate,extremely low
Jordan,31.302848,36.786839,55,55,18,19,29,30,48,43,ultra high,ultra high,extremely high,extremely high,moderate,high,0,0,0,0,59,41,99,99,21.98,moderately high,low,moderate
Kazakhstan,48.019573,66.923684,22,23,10,9,0,0,0,0,ultra high,ultra high,ultra high,ultra high,ultra high,ultra high,0,0,98,80,36,51,100,100,21.77,very high,moderate,very low
Kenya,0.023559,37.906193,0,0,0,0,0,0,0,0,very high,extremely high,high,high,moderate,moderately low,53,42,0,0,0,0,88,88,28.75,very high,extremely low,extremely low
Kiribati,1.8368976,157.3768317,0,0,0,0,0,0,0,0,ultra high,ultra high,high,extremely high,very low,very low,0,0,0,0,0,0,0,0,27.89,high,extremely low,extremely low
Kuwait,29.31166,47.481766,21,16,4,1,9,4,20,17,extremely low,extremely low,extremely low,extremely low,extremely low,extremely low,0,12,0,0,0,18,99,100,13.94,high,moderately low,extremely low
Kyrgyzstan,41.20438,74.766098,11,10,0,0,2,3,30,26,ultra high,ultra high,ultra high,ultra high,extremely high,extremely high,39,0,36,35,0,0,100,100,27.1,very high,low,low
Laos,19.85627,102.495496,31,30,8,9,27,28,42,46,extremely high,extremely high,moderately high,moderately high,moderately low,moderately low,0,0,0,0,0,0,0,0,23.55,very high,very low,extremely low
Latvia,56.879635,24.603189,2,2,2,1,1,1,5,4,extremely low,extremely low,extremely low,extremely low,extremely low,extremely low,99,0,0,0,78,83,100,100,10.0,high,high,low
Lebanon,33.854721,35.862285,0,0,0,0,0,0,0,0,extremely low,extremely low,extremely low,extremely low,extremely low,extremely low,0,0,0,0,32,35,100,100,17.55,high,very low,low
Lesotho,29.609988,28.233608,58,57,3,2,21,13,38,29,high,ultra high,moderately low,moderately high,low,moderately low,13,0,0,0,0,0,0,0,26.81,extremely high,extremely low,very high
Liberia,6.428055,9.429499,21,21,22,21,17,26,20,31,moderately low,moderately low,low,low,very low,extremely low,0,0,0,0,0,0,0,0,33.04,moderately high,extremely low,extremely low
Libya,26.3351,17.228331,0,0,0,0,0,0,0,0,extremely low,extremely low,extremely low,extremely low,extremely low,extremely low,0,0,0,0,0,0,0,0,18.83,very high,moderate,high
Liechtenstein,47.1410392,9.520935,1,2,3,2,1,7,10,22,extremely low,extremely low,extremely low,extremely low,extremely low,extremely low,0,0,0,0,0,0,0,0,9.9,very high,low,extremely low
Lithuania,55.169438,23.881275,3,3,0,0,0,0,4,2,extremely low,extremely low,extremely low,extremely low,extremely low,extremely low,0,0,97,81,76,74,0,0,10.0,very high,moderately high,low
Luxembourg,49.815273,6.129583,1,1,1,1,4,5,22,17,extremely low,extremely low,extremely low,extremely low,extremely low,extremely low,0,0,0,0,71,73,0,0,10.3,very high,very low,very low
Madagascar,18.766947,46.869107,43,38,0,0,31,29,63,64,moderately high,moderately high,low,low,very low,very low,13,0,4,5,0,0,82,81,32.66,ultra high,extremely low,extremely low
Malawi,13.254308,34.301525,0,0,0,0,19,18,62,76,moderate,moderately high,low,low,very low,very low,0,0,0,0,0,0,0,0,34.12,ultra high,extremely low,very low
Malaysia,4.210484,101.975766,1,1,0,0,15,12,41,32,extremely low,extremely low,extremely low,extremely low,extremely low,extremely low,0,0,0,0,54,59,97,97,16.75,very high,moderately low,very low
Maldives,3.202778,73.22068,8,5,3,1,0,0,0,0,extremely low,extremely low,extremely low,extremely low,extremely low,extremely low,0,0,0,0,0,0,0,0,14.2,high,low,low
Mali,17.570692,3.996166,53,57,38,44,49,56,71,79,moderate,moderate,moderately low,low,low,very low,0,0,0,0,0,0,58,43,41.54,moderately high,extremely low,low
Malta,35.937496,14.375416,0,5,0,0,2,1,10,7,extremely low,extremely low,extremely low,extremely low,extremely low,extremely low,73,0,0,0,64,62,99,100,9.2,very high,moderately low,very low
Marshall Islands,7.131474,171.184478,32,31,25,27,33,29,45,41,extremely low,extremely low,extremely low,extremely low,extremely low,extremely low,0,0,0,0,0,0,0,0,29.03,moderately high,very low,extremely low
Mauritania,21.00789,10.940835,0,0,25,21,31,25,63,59,high,moderately high,moderately high,moderately low,moderately low,low,0,0,0,0,0,0,0,0,33.69,high,extremely low,moderately low
Mauritius,20.348404,57.552152,9,8,3,1,6,4,25,17,extremely low,extremely low,extremely low,extremely low,extremely low,extremely low,0,0,88,78,0,0,99,99,10.2,high,low,low
Mexico,23.634501,102.552784,2,0,0,0,9,7,28,24,ultra high,ultra high,extremely high,extremely high,moderately high,moderately high,78,77,58,69,55,44,99,99,17.6,very high,low,very low
Federated States of Micronesia,7.425554,150.550812,30,34,9,11,15,10,0,0,extremely low,extremely low,extremely low,extremely low,extremely low,extremely low,0,0,0,0,0,0,0,0,22.82,high,very low,extremely low
Monaco,43.7384176,7.4246158,0,0,0,0,0,0,0,0,extremely low,extremely low,extremely low,extremely low,extremely low,extremely low,0,0,0,0,0,0,0,0,5.9,extremely low,extremely low,extremely low
Mongolia,46.862496,103.846656,3,5,2,3,8,7,22,20,ultra high,ultra high,extremely high,ultra high,moderately high,very high,44,0,0,0,0,0,98,99,24.13,very high,moderate,low
Montenegro,42.708678,19.37439,23,24,3,3,8,7,12,10,ultra high,ultra high,ultra high,ultra high,extremely high,extremely high,0,0,0,0,56,54,99,99,11.73,high,moderate,moderate
Montserrat,16.742498,62.187366,19,14,15,15,0,0,0,0,extremely low,extremely low,extremely low,extremely low,extremely low,extremely low,0,0,0,0,0,0,0,0,0.0,extremely low,extremely low,extremely low
Morocco,31.791702,7.09262,31,39,2,3,8,11,26,30,extremely low,extremely low,extremely low,extremely low,extremely low,extremely low,36,16,0,0,27,14,98,97,18.94,very high,low,moderately low
Mozambique,18.665695,35.529562,0,0,1,4,39,47,65,73,moderate,moderately low,very low,very low,extremely low,extremely low,0,0,0,0,0,0,0,0,37.52,very high,extremely low,very low
Myanmar,21.916221,95.955974,88,88,0,0,22,20,47,38,extremely high,extremely high,moderate,moderate,very low,very low,0,0,0,0,0,0,0,0,17.55,very high,very low,extremely low
Namibia,22.95764,18.49041,33,30,0,0,0,0,0,0,very high,extremely high,moderate,high,moderately low,moderately low,0,0,35,6,0,0,94,96,28.64,extremely high,very low,high
Nauru,0.522778,166.931503,11,3,0,0,13,4,52,60,extremely low,extremely low,extremely low,extremely low,extremely low,extremely low,0,0,0,0,0,0,0,0,0.0,extremely low,extremely low,extremely low
Nepal,28.394857,84.124008,9,17,0,0,4,1,26,13,extremely high,extremely high,very high,very high,low,low,0,0,0,0,0,0,94,91,19.89,ultra high,extremely low,extremely low
Netherlands,52.132633,5.291266,1,0,1,1,3,2,1,1,extremely low,extremely low,extremely low,extremely low,extremely low,extremely low,99,83,0,0,76,84,0,0,9.7,very high,high,very low
New Zealand,40.900557,174.885971,6,7,1,1,1,1,4,1,extremely low,extremely low,extremely low,extremely low,extremely low,extremely low,90,59,0,0,81,78,0,0,11.98,high,moderately high,very low
Nicaragua,12.865416,85.207229,0,0,0,0,0,0,0,0,extremely low,extremely low,extremely low,extremely low,extremely low,extremely low,61,44,31,20,0,0,0,0,20.64,extremely high,very low,low
Niger,17.607789,8.081666,76,76,37,45,61,69,84,89,moderately low,low,extremely low,extremely low,extremely low,extremely low,9,27,2,1,0,0,51,36,46.08,moderately high,extremely low,extremely low
Nigeria,9.081999,8.675277,0,0,0,0,0,0,0,0,very high,very high,high,moderately high,moderately high,moderate,0,0,0,0,0,0,82,68,37.91,moderately high,extremely low,low
Niue,19.054445,169.867233,13,38,0,0,0,0,0,0,extremely low,extremely low,extremely low,extremely low,extremely low,extremely low,0,0,0,0,0,0,0,0,0.0,extremely low,extremely low,extremely low
North Macedonia,41.608635,21.745275,51,51,1,1,0,0,0,0,ultra high,ultra high,ultra high,ultra high,extremely high,very high,0,0,0,0,45,39,0,0,0.0,extremely low,extremely low,extremely low
Norway,60.472024,8.468946,3,3,0,0,0,1,8,7,extremely low,extremely low,extremely low,extremely low,extremely low,extremely low,99,86,0,70,81,81,0,0,10.4,high,moderately high,very low
Oman,21.4735329,55.975413,16,13,0,0,0,0,8,17,extremely low,extremely low,extremely low,extremely low,extremely low,extremely low,59,32,0,0,0,23,98,99,19.19,very high,low,extremely low
Pakistan,30.375321,69.345116,0,14,0,0,0,0,0,0,high,moderately high,moderately high,moderate,low,low,35,0,0,0,0,0,0,0,28.25,high,extremely low,very low
Palau,7.51498,134.58252,0,19,0,0,0,0,0,0,extremely low,extremely low,extremely low,extremely low,extremely low,extremely low,0,0,0,0,0,0,0,0,14.0,very high,moderately low,extremely low
Panama,8.537981,80.782127,25,23,13,14,13,12,35,31,ultra high,ultra high,very high,extremely high,moderately high,high,65,51,36,23,36,19,99,99,18.98,high,moderately low,very low
Papua New Guinea,6.314993,143.95555,28,29,4,10,10,19,40,51,extremely low,extremely low,extremely low,extremely low,extremely low,extremely low,0,0,0,0,0,0,0,0,27.07,very high,extremely low,extremely low
Paraguay,23.442503,58.443832,31,30,0,0,0,0,33,30,ultra high,ultra high,extremely high,very high,moderately high,high,61,47,29,23,32,8,98,99,20.57,very high,low,very low
Peru,9.189967,75.015152,1,1,0,0,3,3,15,21,ultra high,ultra high,extremely high,extremely high,very high,very high,80,70,46,53,46,40,99,99,17.95,very high,moderately high,very low
Philippines,12.879721,121.774017,14,13,3,3,14,7,24,17,extremely high,ultra high,very high,extremely high,very high,extremely high,0,0,0,0,19,19,0,0,20.55,very high,low,extremely low
Poland,51.919438,19.145136,4,5,2,2,1,3,4,4,extremely low,extremely low,extremely low,extremely low,extremely low,extremely low,98,80,0,0,85,85,0,0,10.2,high,moderate,very low
Portugal,39.399872,8.224454,5,6,0,1,0,0,2,4,extremely low,extremely low,extremely low,extremely low,extremely low,extremely low,97,82,0,0,80,77,100,100,8.5,very high,moderate,low
Qatar,25.354826,51.183884,10,7,3,0,1,9,0,0,extremely low,extremely low,extremely low,extremely low,extremely low,extremely low,66,36,0,0,49,36,0,0,9.54,very high,very low,extremely low
South Korea,35.907757,127.766922,1,1,1,1,3,3,4,4,extremely low,extremely low,extremely low,extremely low,extremely low,extremely low,0,97,0,0,85,85,0,0,6.4,high,high,very low
Moldova,47.411631,28.369885,5,5,9,11,15,16,36,35,ultra high,ultra high,ultra high,ultra high,high,very high,0,0,0,0,57,50,0,0,10.1,high,low,very low
Romania,45.943161,24.96676,18,18,12,13,9,9,21,19,extremely low,extremely low,extremely low,extremely low,extremely low,extremely low,0,0,0,0,59,53,99,99,9.6,moderately high,moderately low,very low
Russia,61.52401,105.318756,9,10,1,0,2,1,3,3,extremely low,extremely low,extremely low,extremely low,extremely low,extremely low,0,0,99,89,78,78,100,100,11.5,very high,moderately high,very low
Rwanda,1.940278,29.873888,48,47,6,6,6,2,50,49,moderate,high,low,low,very low,very low,0,0,0,0,0,0,84,89,31.7,ultra high,extremely low,extremely low
Saint Kitts and Nevis,17.357822,62.782998,0,21,0,0,0,0,4,5,extremely low,extremely low,extremely low,extremely low,extremely low,extremely low,0,0,0,0,0,0,0,0,12.6,very high,high,extremely low
Saint Lucia,13.909444,60.978893,5,0,3,0,9,10,20,21,ultra high,ultra high,extremely high,ultra high,high,extremely high,0,0,0,0,0,0,0,0,12.0,very high,very low,high
Saint Vincent and the Grenadines,12.984305,61.287228,9,3,0,0,1,2,16,14,extremely low,extremely low,extremely low,extremely low,extremely low,extremely low,0,0,0,0,0,0,0,0,14.24,very high,very low,high
Samoa,13.759029,172.104629,65,65,0,0,0,0,15,5,extremely low,extremely low,extremely low,extremely low,extremely low,extremely low,0,0,0,0,0,0,99,99,24.38,very high,extremely low,low
San Marino,43.94236,12.457777,12,14,0,0,0,0,51,57,extremely low,extremely low,extremely low,extremely low,extremely low,extremely low,0,0,0,0,0,0,100,100,6.8,very high,moderately low,extremely low
Sï¿½ï¿½ï¿½ï¿½ï¿½ï¿½ï¿½ï¿,0.18636,6.613081,49,46,6,6,12,7,19,16,very high,extremely high,moderately low,moderately low,extremely low,extremely low,0,0,0,0,0,0,98,98,31.54,very high,extremely low,moderate
Saudi Arabia,23.885942,45.079162,51,48,1,3,0,3,3,9,extremely low,extremely low,extremely low,extremely low,extremely low,extremely low,63,16,0,0,48,11,0,0,17.8,high,moderate,very low
Senegal,14.497401,14.452362,85,83,30,21,0,0,0,0,moderate,moderate,low,low,very low,extremely low,29,63,35,29,9,8,0,0,34.52,moderately high,extremely low,low
Serbia,44.016521,21.005859,9,10,2,2,2,2,14,11,ultra high,ultra high,ultra high,ultra high,very high,extremely high,0,0,0,72,62,60,0,0,9.2,high,moderate,moderate
Seychelles,4.679574,55.491977,9,6,0,0,0,0,24,12,extremely low,extremely low,extremely low,extremely low,extremely low,extremely low,0,0,0,0,0,0,99,100,17.1,high,very low,extremely low
Sierra Leone,8.460555,11.779889,58,57,2,2,49,49,64,67,high,high,moderate,moderate,low,very low,6,0,0,0,0,0,71,63,33.41,very high,extremely low,very low
Singapore,1.352083,103.819836,0,0,0,0,0,1,0,0,extremely low,extremely low,extremely low,extremely low,extremely low,extremely low,97,93,0,0,89,94,100,100,8.8,high,high,very low
Slovakia,48.669026,19.699024,15,17,5,4,5,5,11,11,extremely low,extremely low,extremely low,extremely low,extremely low,extremely low,0,0,93,65,69,75,0,0,10.6,high,moderately low,very low
Slovenia,46.151241,14.995463,5,6,1,0,2,1,2,1,extremely low,extremely low,extremely low,extremely low,extremely low,extremely low,96,75,0,0,82,84,0,0,9.4,high,moderately high,very low
Solomon Islands,9.64571,160.156194,36,33,9,4,0,0,0,0,extremely low,extremely low,extremely low,extremely low,extremely low,extremely low,0,0,0,0,0,0,0,0,32.44,very high,extremely low,extremely low
Somalia,5.152149,46.199616,0,0,0,0,0,0,0,0,extremely low,extremely low,extremely low,extremely low,extremely low,extremely low,0,0,0,0,0,0,0,0,41.75,very low,extremely low,moderately low
South Africa,30.559482,22.937506,28,27,12,10,16,13,22,20,ultra high,ultra high,extremely high,ultra high,moderate,moderately high,22,0,0,13,0,0,0,0,20.51,high,very low,ultra high
South Sudan,6.8769919,31.3069788,78,81,58,67,49,63,57,72,moderately low,very low,low,extremely low,very low,extremely low,0,0,0,0,0,0,48,47,35.01,moderately high,extremely low,moderate
Spain,40.463667,3.74922,5,5,3,3,1,1,2,1,extremely low,extremely low,extremely low,extremely low,extremely low,extremely low,97,67,0,0,84,75,100,100,7.9,very high,high,moderate
Sri Lanka,7.873054,80.771797,0,0,2,3,0,0,18,13,ultra high,ultra high,ultra high,ultra high,moderately low,moderate,0,0,0,0,0,0,99,99,15.83,high,very low,very low
Palestinian National Authority,31.952162,35.233154,35,34,3,3,4,1,32,18,ultra high,ultra high,very high,ultra high,moderately high,very high,0,0,0,0,0,0,99,99,0.0,extremely low,extremely low,extremely low
Sudan,12.862807,30.217636,60,60,31,35,33,35,53,50,high,high,moderate,moderately high,moderately low,low,0,0,0,0,0,0,73,73,32.18,moderately high,very low,moderately high
Suriname,3.919305,56.027783,12,10,14,11,19,11,42,34,very high,extremely high,moderate,moderately high,very low,low,30,0,0,0,0,0,99,98,18.54,very high,extremely low,low
Sweden,60.128161,18.643501,0,0,0,0,0,0,1,3,extremely low,extremely low,extremely low,extremely low,extremely low,extremely low,98,75,0,0,82,81,0,0,11.4,extremely high,moderate,low
Switzerland,46.818188,8.227512,1,0,0,0,1,1,16,20,extremely low,extremely low,extremely low,extremely low,extremely low,extremely low,0,0,0,0,76,83,0,0,10.0,very high,moderate,very low
Syria,34.802075,38.996815,60,61,27,28,37,39,66,66,extremely low,extremely low,extremely low,extremely low,extremely low,extremely low,0,0,0,0,0,0,0,0,23.69,moderately high,low,low
Tajikistan,38.861034,71.276093,87,88,1,2,0,0,0,0,ultra high,ultra high,ultra high,ultra high,very high,high,0,0,0,0,0,0,0,0,30.76,high,low,moderately low
Thailand,15.870032,100.992541,1,1,0,0,0,0,21,21,ultra high,ultra high,extremely high,ultra high,moderately high,very high,0,0,0,0,40,47,98,99,10.34,high,moderately low,extremely low
East Timor,8.874217,125.727539,51,48,7,3,12,9,27,22,very high,extremely high,high,high,moderate,moderately high,0,0,0,0,0,0,82,85,29.42,very high,very low,very low
Togo,8.619543,0.824782,1,7,2,4,15,28,47,66,extremely high,very high,moderately high,moderately low,moderately low,very low,19,40,16,20,0,0,0,0,33.11,extremely high,very low,extremely low
Tokelau,9.2002,171.8484,20,0,0,0,0,0,53,30,extremely low,extremely low,extremely low,extremely low,extremely low,extremely low,0,0,0,0,0,0,0,0,0.0,extremely low,extremely low,extremely low
Tonga,21.178986,175.198242,0,0,0,0,6,4,43,33,ultra high,ultra high,high,very high,moderate,moderately high,0,0,0,0,0,0,99,100,24.3,extremely high,extremely low,extremely low
Trinidad and Tobago,10.691803,61.222503,0,0,0,0,0,0,0,0,extremely low,extremely low,extremely low,extremely low,extremely low,extremely low,80,0,0,0,58,48,0,0,12.94,very high,extremely low,extremely low
Tunisia,33.886917,9.537499,0,0,0,0,0,0,0,0,ultra high,ultra high,high,very high,moderately low,moderately high,47,0,0,0,28,25,0,0,17.56,very high,low,moderately high
Turkey,38.963745,35.243322,23,25,5,5,6,7,17,17,ultra high,ultra high,ultra high,ultra high,moderately high,moderate,0,0,0,57,74,42,0,0,16.03,high,very low,moderate
Turkmenistan,38.969719,59.556278,0,0,0,0,0,0,0,0,ultra high,ultra high,ultra high,ultra high,ultra high,ultra high,0,0,0,0,0,0,0,0,23.83,high,extremely low,very low
Turks and Caicos Islands,21.694025,71.797928,19,0,0,0,22,17,29,35,extremely low,extremely low,extremely low,extremely low,extremely low,extremely low,0,0,0,0,0,0,0,0,0.0,extremely low,extremely low,extremely low
Tuvalu,7.109535,177.64933,13,9,13,17,27,32,61,39,extremely low,extremely low,extremely low,extremely low,extremely low,extremely low,0,0,0,0,0,0,0,0,0.0,extremely low,extremely low,extremely low
Uganda,1.373333,32.290275,0,0,6,3,0,0,0,0,moderately low,moderate,low,low,very low,very low,33,21,0,0,0,0,89,90,38.14,very high,extremely low,extremely low
Ukraine,48.379433,31.16558,0,0,9,7,4,3,7,4,ultra high,ultra high,ultra high,ultra high,ultra high,ultra high,0,0,0,0,74,64,0,0,8.7,high,moderately high,low
United Arab Emirates,23.424076,53.847818,0,0,8,5,2,3,2,2,extremely low,extremely low,extremely low,extremely low,extremely low,extremely low,68,42,0,0,57,46,0,0,10.33,very high,low,extremely low
United Kingdom,55.378051,3.435973,3,0,1,1,2,2,5,4,extremely low,extremely low,extremely low,extremely low,extremely low,extremely low,0,0,0,0,83,81,0,0,11.0,high,moderate,very low
Tanzania,6.369028,34.888822,45,42,15,12,0,0,84,88,very high,extremely high,moderately low,low,moderately low,low,0,0,0,0,0,0,0,0,36.7,high,extremely low,extremely low
United States,37.09024,95.712891,12,8,1,1,3,1,4,3,extremely low,extremely low,extremely low,extremely low,extremely low,extremely low,0,0,0,0,81,73,0,0,11.6,very high,high,moderate
Uruguay,32.522779,55.765835,2,1,3,3,1,0,15,9,ultra high,ultra high,high,very high,moderate,low,80,75,59,68,58,49,99,99,13.86,very high,moderate,low
Uzbekistan,41.377491,64.585262,53,55,0,2,0,2,14,15,extremely low,extremely low,extremely low,extremely low,extremely low,extremely low,0,0,0,0,0,0,100,100,23.3,very high,extremely low,very low
Vanuatu,15.376706,166.959158,38,38,8,7,2,4,41,46,extremely low,extremely low,extremely low,extremely low,extremely low,extremely low,0,0,0,0,0,0,96,97,29.6,very high,extremely low,very low
Venezuela,6.42375,66.58973,14,14,10,10,15,13,28,19,extremely low,extremely low,extremely low,extremely low,extremely low,extremely low,0,0,0,0,0,0,0,0,17.88,high,moderately high,low
Vietnam,14.058324,108.277199,0,0,0,0,0,0,0,0,ultra high,ultra high,extremely high,extremely high,moderate,high,0,0,55,51,86,81,98,98,16.75,very high,low,extremely low
Yemen,15.552727,48.516388,96,96,10,21,23,34,46,68,high,moderately high,moderately high,moderately low,moderately low,low,0,0,0,0,0,0,0,0,30.45,high,extremely low,moderate
Zambia,13.133897,27.849332,0,0,17,13,0,0,0,0,very high,very high,moderately high,moderate,moderately low,low,0,0,0,0,5,2,93,92,36.19,high,extremely low,moderately low
Zimbabwe,19.015438,29.154857,60,58,0,0,0,0,45,50,extremely high,ultra high,moderate,moderately high,very low,very low,20,0,0,0,0,0,0,0,30.68,very high,extremely low,very low
